"dp","dpnom","dpmp","mpio","Pob_1985","Pob_1993","Pob_2005","Pob_2018"
5,"Antioquia",5001,"Medellín",1384988,1579444,1903732,2281316
5,"Antioquia",5002,"Abejorral",28132,26266,23060,21068
5,"Antioquia",5004,"Abriaquí",2954,3210,2784,2904
5,"Antioquia",5021,"Alejandría",5040,4936,4672,4640
5,"Antioquia",5030,"Amagá",22760,24532,26878,29724
5,"Antioquia",5031,"Amalfi",19130,20832,23074,26056
5,"Antioquia",5034,"Andes",41026,41914,43202,44684
5,"Antioquia",5036,"Angelópolis",6408,6364,5896,5768
5,"Antioquia",5038,"Angostura",13596,13276,12290,11524
5,"Antioquia",5040,"Anorí",12684,14362,16450,19026
5,"Antioquia",5042,"Santafé de Antioquia",19734,21656,23480,26010
5,"Antioquia",5044,"Anzá",6974,7018,6992,7206
5,"Antioquia",5045,"Apartadó",47670,64760,90078,118826
5,"Antioquia",5051,"Arboletes",41988,30714,30226,29352
5,"Antioquia",5055,"Argelia",13116,11634,9766,7916
5,"Antioquia",5059,"Armenia",7714,7078,5958,5122
5,"Antioquia",5079,"Barbosa",31142,35860,42620,51516
5,"Antioquia",5086,"Belmira",5936,6178,6106,6056
5,"Antioquia",5088,"Bello",203856,275704,380130,502678
5,"Antioquia",5091,"Betania",14638,13552,12404,10736
5,"Antioquia",5093,"Betulia",16110,16360,16080,15910
5,"Antioquia",5101,"Ciudad Bolívar",29852,29296,27448,26080
5,"Antioquia",5107,"Briceño",9732,9392,9122,8366
5,"Antioquia",5113,"Buriticá",7528,8152,8920,9708
5,"Antioquia",5120,"Cáceres",20284,22030,26442,30016
5,"Antioquia",5125,"Caicedo",7302,7554,7968,8308
5,"Antioquia",5129,"Caldas",42582,51314,62670,76356
5,"Antioquia",5134,"Campamento",11418,10792,9866,9486
5,"Antioquia",5138,"Cañasgordas",20960,19914,17726,15638
5,"Antioquia",5142,"Caracolí",6700,6156,5370,4632
5,"Antioquia",5145,"Caramanta",8256,7490,6148,4734
5,"Antioquia",5147,"Carepa",14206,22230,35080,47796
5,"Antioquia",5148,"El Carmen de Viboral",31468,38642,47266,58692
5,"Antioquia",5150,"Carolina",3780,3976,3792,3908
5,"Antioquia",5154,"Caucasia",41200,51364,68872,87454
5,"Antioquia",5172,"Chigorodó",24080,32090,43324,55550
5,"Antioquia",5190,"Cisneros",8848,9128,9230,9346
5,"Antioquia",5197,"Cocorná",32678,22964,18814,15172
5,"Antioquia",5206,"Concepción",6488,6094,5470,4936
5,"Antioquia",5209,"Concordia",22608,22294,22054,21372
5,"Antioquia",5212,"Copacabana",40908,49278,60784,75420
5,"Antioquia",5234,"Dabeiba",21676,22128,22158,23288
5,"Antioquia",5237,"Donmatías",11728,12996,15206,17674
5,"Antioquia",5240,"Ebéjico",16740,15660,13806,12340
5,"Antioquia",5250,"El Bagre",20056,27842,39888,51666
5,"Antioquia",5264,"Entrerríos",5720,7264,9234,11174
5,"Antioquia",5266,"Envigado",86912,116364,159332,211056
5,"Antioquia",5282,"Fredonia",24846,24792,24328,24500
5,"Antioquia",5284,"Frontino",27136,26180,23070,20778
5,"Antioquia",5306,"Giraldo",3952,4414,5002,5658
5,"Antioquia",5308,"Girardota",25126,31172,39892,50550
5,"Antioquia",5310,"Gómez Plata",9532,9730,9694,9780
5,"Antioquia",5313,"Granada",19918,17256,13318,10048
5,"Antioquia",5315,"Guadalupe",6790,6852,6756,6668
5,"Antioquia",5318,"Guarne",25594,33118,42970,54616
5,"Antioquia",5321,"Guatapé",4302,5350,6704,8194
5,"Antioquia",5347,"Heliconia",8582,7938,6746,5680
5,"Antioquia",5353,"Hispania",5482,5470,5424,5462
5,"Antioquia",5360,"Itagüí",133842,163706,209198,263616
5,"Antioquia",5361,"Ituango",25166,26320,27236,32986
5,"Antioquia",5364,"Jardín",12732,13224,13628,14462
5,"Antioquia",5368,"Jericó",15466,14828,13966,13526
5,"Antioquia",5376,"La Ceja",28696,37226,49408,62990
5,"Antioquia",5380,"La Estrella",30852,39840,52982,69114
5,"Antioquia",5390,"La Pintada",NA,NA,10048,8144
5,"Antioquia",5400,"La Unión",14732,16326,18420,21266
5,"Antioquia",5411,"Liborina",11822,11646,10910,10320
5,"Antioquia",5425,"Maceo",9808,9304,8742,8192
5,"Antioquia",5440,"Marinilla",33732,41588,51496,63812
5,"Antioquia",5467,"Montebello",9896,9382,8060,6788
5,"Antioquia",5475,"Murindó",1642,2710,3722,4964
5,"Antioquia",5480,"Mutatá",9660,10742,12596,14130
5,"Antioquia",5483,"Nariño",17334,15462,12864,10360
5,"Antioquia",5490,"Necoclí",28864,32812,37364,41684
5,"Antioquia",5495,"Nechí",11894,15316,21090,26402
5,"Antioquia",5501,"Olaya",3358,3446,3314,3158
5,"Antioquia",5541,"Peñol",14650,16318,18048,20560
5,"Antioquia",5543,"Peque",7802,7980,8182,8526
5,"Antioquia",5576,"Pueblorrico",9736,9434,8832,8638
5,"Antioquia",5579,"Puerto Berrío",27370,30052,33868,39466
5,"Antioquia",5585,"Puerto Nare",17636,16514,15238,14430
5,"Antioquia",5591,"Puerto Triunfo",8548,10740,14064,19746
5,"Antioquia",5604,"Remedios",20614,22382,25040,28430
5,"Antioquia",5607,"Retiro",11806,14906,18848,23030
5,"Antioquia",5615,"Rionegro",59898,79094,104664,132696
5,"Antioquia",5628,"Sabanalarga",8224,8412,8748,9432
5,"Antioquia",5631,"Sabaneta",20364,35034,54472,76610
5,"Antioquia",5642,"Salgar",24156,22546,20246,18382
5,"Antioquia",5647,"San Andrés de Cuerquía",8900,8612,8104,7412
5,"Antioquia",5649,"San Carlos",27878,24750,20438,16478
5,"Antioquia",5652,"San Francisco",NA,6478,6034,5648
5,"Antioquia",5656,"San Jerónimo",10890,11948,13266,15142
5,"Antioquia",5658,"San José de La Montaña",2454,2784,3192,3560
5,"Antioquia",5659,"San Juan de Urabá",NA,13370,16632,19784
5,"Antioquia",5660,"San Luis",15022,14618,14020,12844
5,"Antioquia",5664,"San Pedro de Los Milagros",14218,16348,18948,21214
5,"Antioquia",5665,"San Pedro de Urabá",23976,25988,28278,31632
5,"Antioquia",5667,"San Rafael",18980,18198,16570,15664
5,"Antioquia",5670,"San Roque",20972,21198,21136,21728
5,"Antioquia",5674,"San Vicente",22102,22320,22190,22778
5,"Antioquia",5679,"Santa Bárbara",27616,35002,27390,26530
5,"Antioquia",5686,"Santa Rosa de Osos",25050,28190,31744,36120
5,"Antioquia",5690,"Santo Domingo",17240,15954,14116,12778
5,"Antioquia",5697,"El Santuario",23274,25368,28996,33868
5,"Antioquia",5736,"Segovia",22616,26352,31440,37922
5,"Antioquia",5756,"Sonsón",41396,40214,37506,36420
5,"Antioquia",5761,"Sopetrán",13484,14156,14242,15074
5,"Antioquia",5789,"Támesis",21866,20204,18096,16334
5,"Antioquia",5790,"Tarazá",15022,18076,22178,26654
5,"Antioquia",5792,"Tarso",7358,7016,6454,6178
5,"Antioquia",5809,"Titiribí",14712,13674,12074,10596
5,"Antioquia",5819,"Toledo",6738,6624,5730,5260
5,"Antioquia",5837,"Turbo",72792,84934,103270,119864
5,"Antioquia",5842,"Uramita",9704,9122,8038,7078
5,"Antioquia",5847,"Urrao",27664,28402,29110,29962
5,"Antioquia",5854,"Valdivia",13750,13632,13882,13790
5,"Antioquia",5856,"Valparaíso",8938,9772,7890,6588
5,"Antioquia",5858,"Vegachí",13596,13032,12066,11684
5,"Antioquia",5861,"Venecia",13528,12916,12064,11380
5,"Antioquia",5873,"Vigía del Fuerte",6696,7354,8372,9006
5,"Antioquia",5885,"Yalí",8176,8296,7894,7866
5,"Antioquia",5887,"Yarumal",33168,35450,36976,40374
5,"Antioquia",5890,"Yolombó",23004,23240,22822,22910
5,"Antioquia",5893,"Yondó",8038,11120,15322,19536
5,"Antioquia",5895,"Zaragoza",23024,23600,24028,24662
8,"Atlántico",8001,"Barranquilla",804870,909784,1036020,1155516
8,"Atlántico",8078,"Baranoa",32770,41570,51476,62232
8,"Atlántico",8137,"Campo de La Cruz",23364,24614,23638,22840
8,"Atlántico",8141,"Candelaria",8934,11328,13536,16266
8,"Atlántico",8296,"Galapa",13292,25556,43056,60944
8,"Atlántico",8372,"Juan de Acosta",9798,13226,16978,21690
8,"Atlántico",8421,"Luruaco",17796,21896,24222,28082
8,"Atlántico",8433,"Malambo",48922,70826,98418,127320
8,"Atlántico",8436,"Manatí",14750,16336,18476,20170
8,"Atlántico",8520,"Palmar de Varela",13756,17678,23506,29012
8,"Atlántico",8549,"Piojó",3712,4872,5720,6894
8,"Atlántico",8558,"Polonuevo",9702,12358,15424,18364
8,"Atlántico",8560,"Ponedera",13424,17034,20414,24248
8,"Atlántico",8573,"Puerto Colombia",18564,27286,37696,48044
8,"Atlántico",8606,"Repelón",16846,20862,22986,26190
8,"Atlántico",8634,"Sabanagrande",13060,18264,25536,32210
8,"Atlántico",8638,"Sabanalarga",49648,62348,76966,92510
8,"Atlántico",8675,"Santa Lucía",6982,9740,12782,16000
8,"Atlántico",8685,"Santo Tomás",15388,19136,24398,29498
8,"Atlántico",8758,"Soledad",150146,260966,423584,588622
8,"Atlántico",8770,"Suan",9150,10346,11248,11696
8,"Atlántico",8832,"Tubará",6644,9930,13752,17988
8,"Atlántico",8849,"Usiacurí",5646,7526,10092,12552
11,"Bogotá, D.C.",11001,"Bogotá, D.C.",3832026,5064880,6472954,7088156
13,"Bolívar",13001,"Cartagena de Indias",463008,612616,804094,936116
13,"Bolívar",13006,"Achí",29282,28806,20440,25632
13,"Bolívar",13030,"Altos del Rosario",NA,NA,9322,11442
13,"Bolívar",13042,"Arenal",NA,NA,8176,7624
13,"Bolívar",13052,"Arjona",36078,45368,57166,68788
13,"Bolívar",13062,"Arroyohondo",NA,NA,8844,8340
13,"Bolívar",13074,"Barranco de Loba",18718,20220,14262,15264
13,"Bolívar",13140,"Calamar",24258,24020,19630,22776
13,"Bolívar",13160,"Cantagallo",NA,NA,6344,8702
13,"Bolívar",13188,"Cicuco",NA,NA,9876,13580
13,"Bolívar",13212,"Córdoba",17046,16276,15664,16934
13,"Bolívar",13222,"Clemencia",NA,NA,12780,14696
13,"Bolívar",13244,"El Carmen de Bolívar",66884,67218,69280,72438
13,"Bolívar",13248,"El Guamo",7460,7960,8274,9162
13,"Bolívar",13268,"El Peñón",NA,NA,11146,8048
13,"Bolívar",13300,"Hatillo de Loba",NA,NA,14004,12644
13,"Bolívar",13430,"Magangué",90110,100608,115008,133434
13,"Bolívar",13433,"Mahates",21392,23868,24162,28386
13,"Bolívar",13440,"Margarita",10422,9880,9822,11118
13,"Bolívar",13442,"María La Baja",34264,36828,39936,46680
13,"Bolívar",13458,"Montecristo",NA,NA,11752,17998
13,"Bolívar",13468,"Mompós",33506,34998,38378,44100
13,"Bolívar",13473,"Morales",18938,24580,17426,23668
13,"Bolívar",13490,"Norosí",NA,NA,NA,9840
13,"Bolívar",13549,"Pinillos",33510,36098,22840,25490
13,"Bolívar",13580,"Regidor",NA,NA,5566,6756
13,"Bolívar",13600,"Río Viejo",21868,24800,16500,11252
13,"Bolívar",13620,"San Cristóbal",NA,NA,7282,8086
13,"Bolívar",13647,"San Estanislao",12592,14330,15950,18296
13,"Bolívar",13650,"San Fernando",10460,10920,10712,12986
13,"Bolívar",13654,"San Jacinto",24300,25018,25134,24506
13,"Bolívar",13655,"San Jacinto del Cauca",NA,NA,7600,10568
13,"Bolívar",13657,"San Juan Nepomuceno",29082,31114,33882,37696
13,"Bolívar",13667,"San Martín de Loba",27554,30056,23946,15510
13,"Bolívar",13670,"San Pablo",18484,23018,23694,27612
13,"Bolívar",13673,"Santa Catalina",17228,21222,12364,14556
13,"Bolívar",13683,"Santa Rosa",8994,12416,16900,20932
13,"Bolívar",13688,"Santa Rosa del Sur",12348,18206,24620,33732
13,"Bolívar",13744,"Simití",8694,11658,14300,19090
13,"Bolívar",13760,"Soplaviento",11800,13740,9530,10476
13,"Bolívar",13780,"Talaigua Nuevo",21454,23298,15648,13278
13,"Bolívar",13810,"Tiquisio",NA,NA,17088,19030
13,"Bolívar",13836,"Turbaco",32676,51772,80878,103700
13,"Bolívar",13838,"Turbaná",9104,11498,14122,16776
13,"Bolívar",13873,"Villanueva",12764,15720,20110,24240
13,"Bolívar",13894,"Zambrano",9676,10842,11908,12668
15,"Boyacá",15001,"Tunja",67644,86696,126414,162860
15,"Boyacá",15022,"Almeida",5500,7548,4968,1988
15,"Boyacá",15047,"Aquitania",17364,16532,15854,15640
15,"Boyacá",15051,"Arcabuco",4484,4638,5212,5824
15,"Boyacá",15087,"Belén",8654,8016,7680,7142
15,"Boyacá",15090,"Berbeo",1846,2128,1874,1628
15,"Boyacá",15092,"Betéitiva",2992,2552,2232,1926
15,"Boyacá",15097,"Boavita",13988,11646,8232,5002
15,"Boyacá",15104,"Boyacá",5982,5674,5246,5246
15,"Boyacá",15106,"Briceño",3460,3312,2804,2368
15,"Boyacá",15109,"Buenavista",6226,5738,5196,4606
15,"Boyacá",15114,"Busbanzá",616,924,870,1112
15,"Boyacá",15131,"Caldas",4980,4620,3648,3114
15,"Boyacá",15135,"Campohermoso",5230,4660,3988,3198
15,"Boyacá",15162,"Cerinza",4866,4492,3994,3580
15,"Boyacá",15172,"Chinavita",4068,3738,3368,3160
15,"Boyacá",15176,"Chiquinquirá",27050,34344,44170,53480
15,"Boyacá",15180,"Chiscas",7242,6578,5104,4024
15,"Boyacá",15183,"Chita",16790,14284,11018,8216
15,"Boyacá",15185,"Chitaraque",6822,6756,6288,6048
15,"Boyacá",15187,"Chivatá",3030,2926,2842,2792
15,"Boyacá",15189,"Ciénega",5636,5524,4888,4586
15,"Boyacá",15204,"Cómbita",10046,10576,13654,16092
15,"Boyacá",15212,"Coper",5744,5288,4476,3784
15,"Boyacá",15215,"Corrales",2234,2216,2336,2548
15,"Boyacá",15218,"Covarachía",5556,4964,3986,2924
15,"Boyacá",15223,"Cubará",3892,5548,7796,10348
15,"Boyacá",15224,"Cucaita",3158,3390,3602,3786
15,"Boyacá",15226,"Cuítiva",2312,2250,1936,1748
15,"Boyacá",15232,"Chíquiza",5372,5396,4900,4804
15,"Boyacá",15236,"Chivor",NA,4254,3320,2680
15,"Boyacá",15238,"Duitama",56968,68254,92522,116570
15,"Boyacá",15244,"El Cocuy",6822,6042,5396,4304
15,"Boyacá",15248,"El Espino",3914,3734,4136,3202
15,"Boyacá",15272,"Firavitoba",5804,5626,5860,6460
15,"Boyacá",15276,"Floresta",4820,4224,3544,3080
15,"Boyacá",15293,"Gachantivá",3838,3636,3192,2918
15,"Boyacá",15296,"Gámeza",5820,5620,5198,4946
15,"Boyacá",15299,"Garagoa",11988,12906,15152,17104
15,"Boyacá",15317,"Guacamayas",3008,2850,2126,1828
15,"Boyacá",15322,"Guateque",8730,8800,9668,10172
15,"Boyacá",15325,"Guayatá",7362,6344,5084,3404
15,"Boyacá",15332,"Güicán de La Sierra",6290,5550,4844,4306
15,"Boyacá",15362,"Iza",1474,1568,1686,1922
15,"Boyacá",15367,"Jenesano",6764,6742,6698,7070
15,"Boyacá",15368,"Jericó",5766,5420,4696,4058
15,"Boyacá",15377,"Labranzagrande",5574,5214,4428,3796
15,"Boyacá",15380,"La Capilla",3460,3312,3024,2732
15,"Boyacá",15401,"La Victoria",2496,2230,1688,1156
15,"Boyacá",15403,"La Uvita",11294,8934,5988,3040
15,"Boyacá",15407,"Villa de Leyva",5076,7516,11484,15796
15,"Boyacá",15425,"Macanal",5250,5178,4874,5034
15,"Boyacá",15442,"Maripí",8696,8856,7136,6326
15,"Boyacá",15455,"Miraflores",8846,8330,8614,8844
15,"Boyacá",15464,"Mongua",5684,5218,4846,4470
15,"Boyacá",15466,"Monguí",5150,4846,4554,3986
15,"Boyacá",15469,"Moniquirá",19048,19984,20882,22366
15,"Boyacá",15476,"Motavita",4722,5050,5016,5478
15,"Boyacá",15480,"Muzo",12830,13618,10952,9368
15,"Boyacá",15491,"Nobsa",10740,11140,13042,15328
15,"Boyacá",15494,"Nuevo Colón",5770,5538,5224,5258
15,"Boyacá",15500,"Oicatá",2336,2396,2578,2860
15,"Boyacá",15507,"Otanche",8550,8692,8292,8252
15,"Boyacá",15511,"Pachavita",4126,3650,3032,2558
15,"Boyacá",15514,"Páez",4916,4848,3980,3476
15,"Boyacá",15516,"Paipa",19022,21916,26696,32292
15,"Boyacá",15518,"Pajarito",3032,2938,2848,2480
15,"Boyacá",15522,"Panqueba",2524,2296,2080,1682
15,"Boyacá",15531,"Pauna",10542,9858,8834,7500
15,"Boyacá",15533,"Paya",2578,2464,2694,2752
15,"Boyacá",15537,"Paz de Río",6262,5496,4962,4194
15,"Boyacá",15542,"Pesca",12414,11062,8922,6952
15,"Boyacá",15550,"Pisba",1598,1740,1804,1866
15,"Boyacá",15572,"Puerto Boyacá",27304,31502,39128,46362
15,"Boyacá",15580,"Quípama",5476,5400,5590,5352
15,"Boyacá",15599,"Ramiriquí",8980,9064,9212,9774
15,"Boyacá",15600,"Ráquira",6352,6868,7410,8316
15,"Boyacá",15621,"Rondón",3730,3342,2888,2462
15,"Boyacá",15632,"Saboyá",14220,13338,12906,13280
15,"Boyacá",15638,"Sáchica",2248,3094,4198,5562
15,"Boyacá",15646,"Samacá",13318,13784,15838,18352
15,"Boyacá",15660,"San Eduardo",3030,2652,2314,1768
15,"Boyacá",15664,"San José de Pare",6198,6236,5586,5206
15,"Boyacá",15667,"San Luis de Gaceno",6776,6782,6130,5610
15,"Boyacá",15673,"San Mateo",9158,7628,5674,3316
15,"Boyacá",15676,"San Miguel de Sema",3950,3740,3212,3042
15,"Boyacá",15681,"San Pablo de Borbur",7484,7832,7270,7146
15,"Boyacá",15686,"Santana",6990,7144,7254,7822
15,"Boyacá",15690,"Santa María",5510,5142,4554,3682
15,"Boyacá",15693,"Santa Rosa de Viterbo",9720,10540,12538,13636
15,"Boyacá",15696,"Santa Sofía",3336,3350,3140,3222
15,"Boyacá",15720,"Sativanorte",4178,3722,2970,2254
15,"Boyacá",15723,"Sativasur",1254,1204,1174,1014
15,"Boyacá",15740,"Siachoque",7536,7590,6936,6928
15,"Boyacá",15753,"Soatá",15890,14212,11334,8620
15,"Boyacá",15755,"Socotá",12490,11242,9336,7686
15,"Boyacá",15757,"Socha",8136,7656,7942,7900
15,"Boyacá",15759,"Sogamoso",67576,77714,99520,120890
15,"Boyacá",15761,"Somondoco",4382,4394,3500,2842
15,"Boyacá",15762,"Sora",2908,2922,2952,3112
15,"Boyacá",15763,"Sotaquirá",7916,7908,7840,8336
15,"Boyacá",15764,"Soracá",5302,5548,5534,5922
15,"Boyacá",15774,"Susacón",3906,3648,3118,2806
15,"Boyacá",15776,"Sutamarchán",4632,4954,5340,6102
15,"Boyacá",15778,"Sutatenza",5380,4850,4498,4124
15,"Boyacá",15790,"Tasco",8838,7732,6770,5904
15,"Boyacá",15798,"Tenza",5154,4690,4198,3792
15,"Boyacá",15804,"Tibaná",10984,10106,9386,8930
15,"Boyacá",15806,"Tibasosa",6962,8296,10244,12746
15,"Boyacá",15808,"Tinjacá",2370,2612,2902,3262
15,"Boyacá",15810,"Tipacoque",4972,4708,3980,3384
15,"Boyacá",15814,"Toca",8388,8440,8576,8862
15,"Boyacá",15816,"Togüí",5798,5646,4950,4494
15,"Boyacá",15820,"Tópaga",3438,3562,3468,3482
15,"Boyacá",15822,"Tota",5528,5356,5180,5210
15,"Boyacá",15832,"Tununguá",1698,968,1718,1672
15,"Boyacá",15835,"Turmequé",7232,6812,6554,6052
15,"Boyacá",15837,"Tuta",7190,7192,7564,8040
15,"Boyacá",15839,"Tutazá",2420,2312,2130,1964
15,"Boyacá",15842,"Úmbita",9172,8726,8196,7740
15,"Boyacá",15861,"Ventaquemada",12302,12922,13578,15554
15,"Boyacá",15879,"Viracachá",4270,3956,3398,2930
15,"Boyacá",15897,"Zetaquira",5828,5482,4902,4682
17,"Caldas",17001,"Manizales",327868,344356,379202,410214
17,"Caldas",17013,"Aguadas",30594,29748,26256,22752
17,"Caldas",17042,"Anserma",39766,39570,37784,36034
17,"Caldas",17050,"Aranzazu",15376,14602,12464,10000
17,"Caldas",17088,"Belalcázar",16304,16058,13630,10822
17,"Caldas",17174,"Chinchiná",50102,56764,49710,49338
17,"Caldas",17272,"Filadelfia",18214,16952,14534,11514
17,"Caldas",17380,"La Dorada",60286,62452,66390,69884
17,"Caldas",17388,"La Merced",12244,11066,8696,6106
17,"Caldas",17433,"Manzanares",30380,29968,23322,18108
17,"Caldas",17442,"Marmato",6954,7824,8754,9070
17,"Caldas",17444,"Marquetalia",17346,16412,15408,13374
17,"Caldas",17446,"Marulanda",5338,4494,3606,2740
17,"Caldas",17486,"Neira",29664,27706,25282,21100
17,"Caldas",17495,"Norcasia",NA,NA,7662,6006
17,"Caldas",17513,"Pácora",21370,20562,18112,15466
17,"Caldas",17524,"Palestina",20386,23404,18080,15728
17,"Caldas",17541,"Pensilvania",32990,30192,26128,20122
17,"Caldas",17614,"Riosucio",24060,30476,40798,49920
17,"Caldas",17616,"Risaralda",23696,25646,14034,11326
17,"Caldas",17653,"Salamina",26936,25536,22446,19642
17,"Caldas",17662,"Samaná",40198,39440,28386,20882
17,"Caldas",17665,"San José",NA,NA,8698,4958
17,"Caldas",17777,"Supía",22534,23864,26190,27916
17,"Caldas",17867,"Victoria",12310,12228,11362,10064
17,"Caldas",17873,"Villamaría",33100,40282,51052,62298
17,"Caldas",17877,"Viterbo",15242,15006,13264,12092
18,"Caquetá",18001,"Florencia",101510,119784,156426,166928
18,"Caquetá",18029,"Albania",10732,10468,7424,4788
18,"Caquetá",18094,"Belén de Los Andaquíes",14678,14730,13096,11002
18,"Caquetá",18150,"Cartagena del Chairá",6154,13896,22826,31220
18,"Caquetá",18205,"Curillo",4376,5542,6750,7618
18,"Caquetá",18247,"El Doncello",22104,21506,21268,19034
18,"Caquetá",18256,"El Paujíl",12574,15028,16730,18440
18,"Caquetá",18410,"La Montañita",14506,16070,15496,15496
18,"Caquetá",18460,"Milán",8602,9884,9748,10138
18,"Caquetá",18479,"Morelia",3100,3542,3720,3740
18,"Caquetá",18592,"Puerto Rico",32962,33490,30654,27058
18,"Caquetá",18610,"San José del Fragua",3460,6100,10198,13046
18,"Caquetá",18753,"San Vicente del Caguán",26774,35362,44512,53284
18,"Caquetá",18756,"Solano",5144,7700,9574,12282
18,"Caquetá",18785,"Solita",NA,NA,7982,6322
18,"Caquetá",18860,"Valparaíso",7678,19316,11850,7212
19,"Cauca",19001,"Popayán",176406,200972,257906,305420
19,"Cauca",19022,"Almaguer",20110,19192,19276,18432
19,"Cauca",19050,"Argelia",18166,20778,23762,27226
19,"Cauca",19075,"Balboa",18142,18974,20286,21228
19,"Cauca",19100,"Bolívar",64578,60686,46574,38640
19,"Cauca",19110,"Buenos Aires",42172,19414,25186,31334
19,"Cauca",19130,"Cajibío",39148,39716,42254,43066
19,"Cauca",19137,"Caldono",14054,21202,30980,40744
19,"Cauca",19142,"Caloto",32056,36124,42868,30002
19,"Cauca",19212,"Corinto",22026,22868,23804,25374
19,"Cauca",19256,"El Tambo",49240,49936,52550,55284
19,"Cauca",19290,"Florencia",NA,6222,5698,5318
19,"Cauca",19300,"Guachené",NA,NA,NA,18348
19,"Cauca",19318,"Guapi",25976,27412,27492,27468
19,"Cauca",19355,"Inzá",16508,19920,24748,29238
19,"Cauca",19364,"Jambaló",5388,8948,13594,17948
19,"Cauca",19392,"La Sierra",14556,13592,12474,11004
19,"Cauca",19397,"La Vega",20382,21606,23180,24938
19,"Cauca",19418,"López de Micay",14492,15524,16788,18848
19,"Cauca",19450,"Mercaderes",32440,16928,20240,22876
19,"Cauca",19455,"Miranda",22132,23630,27750,30774
19,"Cauca",19473,"Morales",14580,22258,31032,39356
19,"Cauca",19513,"Padilla",9506,9438,9520,9396
19,"Cauca",19517,"Páez",9590,19940,33426,46800
19,"Cauca",19532,"Patía",35730,35224,34630,35872
19,"Cauca",19533,"Piamonte",NA,NA,6252,9086
19,"Cauca",19548,"Piendamó - Tunía",25836,30094,35294,40456
19,"Cauca",19573,"Puerto Tejada",36164,35324,37752,38666
19,"Cauca",19585,"Puracé",8414,10990,14214,17264
19,"Cauca",19622,"Rosas",11676,11722,11798,11776
19,"Cauca",19693,"San Sebastián",9072,9746,11136,10972
19,"Cauca",19698,"Santander de Quilichao",67980,85044,91968,107718
19,"Cauca",19701,"Santa Rosa",7114,10500,6320,5580
19,"Cauca",19743,"Silvia",13292,19412,28480,37140
19,"Cauca",19760,"Sotará Paispamba",9136,10278,12280,13900
19,"Cauca",19780,"Suárez",NA,24040,28554,32354
19,"Cauca",19785,"Sucre",NA,NA,10152,9650
19,"Cauca",19807,"Timbío",28698,29570,32882,35156
19,"Cauca",19809,"Timbiquí",15670,18672,22544,26408
19,"Cauca",19821,"Toribío",1826,11094,23674,35608
19,"Cauca",19824,"Totoró",7848,12292,18346,24634
19,"Cauca",19845,"Villa Rica",NA,NA,16336,19246
20,"Cesar",20001,"Valledupar",185438,270386,365954,476828
20,"Cesar",20011,"Aguachica",48930,60536,80548,106516
20,"Cesar",20013,"Agustín Codazzi",40498,45100,51424,61166
20,"Cesar",20032,"Astrea",16874,18714,18572,20674
20,"Cesar",20045,"Becerril",12818,15216,18008,22078
20,"Cesar",20060,"Bosconia",22430,25734,32168,40286
20,"Cesar",20175,"Chimichagua",22604,26648,28908,34422
20,"Cesar",20178,"Chiriguaná",16116,19750,22612,27640
20,"Cesar",20228,"Curumaní",24966,28290,31160,37254
20,"Cesar",20238,"El Copey",25052,26420,27302,30326
20,"Cesar",20250,"El Paso",14378,22082,26800,37514
20,"Cesar",20295,"Gamarra",9846,11262,13076,15108
20,"Cesar",20310,"González",8316,8308,6256,4564
20,"Cesar",20383,"La Gloria",9032,12004,13748,17738
20,"Cesar",20400,"La Jagua de Ibirico",14882,22762,34122,46786
20,"Cesar",20443,"Manaure Balcón del Cesar",5052,6354,7920,10192
20,"Cesar",20517,"Pailitas",12360,13758,15618,18338
20,"Cesar",20550,"Pelaya",10264,12936,16022,20802
20,"Cesar",20570,"Pueblo Bello",NA,NA,21082,27484
20,"Cesar",20614,"Río de Oro",10788,12456,14246,17120
20,"Cesar",20621,"La Paz",17362,20262,22932,27926
20,"Cesar",20710,"San Alberto",13488,16680,20508,26186
20,"Cesar",20750,"San Diego",14246,15686,16386,19196
20,"Cesar",20770,"San Martín",12402,16738,20432,27204
20,"Cesar",20787,"Tamalameque",10306,12158,12956,15312
23,"Córdoba",23001,"Montería",266666,316628,404022,476666
23,"Córdoba",23068,"Ayapel",46436,57578,49076,47800
23,"Córdoba",23079,"Buenavista",16744,16794,18830,21480
23,"Córdoba",23090,"Canalete",15052,14274,14744,15708
23,"Córdoba",23162,"Cereté",65880,73584,87708,103430
23,"Córdoba",23168,"Chimá",12652,13454,15202,18022
23,"Córdoba",23182,"Chinú",36980,38302,42950,48722
23,"Córdoba",23189,"Ciénaga de Oro",49136,49076,53318,59660
23,"Córdoba",23300,"Cotorra",NA,NA,19510,19092
23,"Córdoba",23350,"La Apartada",NA,NA,16198,14920
23,"Córdoba",23417,"Lorica",95352,123146,120104,112128
23,"Córdoba",23419,"Los Córdobas",12720,13480,15734,19152
23,"Córdoba",23464,"Momil",12780,14274,16846,19562
23,"Córdoba",23466,"Montelíbano",42752,57816,72100,80012
23,"Córdoba",23500,"Moñitos",18764,20604,24568,30392
23,"Córdoba",23555,"Planeta Rica",54790,54964,59406,63186
23,"Córdoba",23570,"Pueblo Nuevo",22318,24714,29936,36256
23,"Córdoba",23574,"Puerto Escondido",15182,16268,19922,24500
23,"Córdoba",23580,"Puerto Libertador",19680,24116,32998,43308
23,"Córdoba",23586,"Purísima de La Concepción",11776,12770,14774,17416
23,"Córdoba",23660,"Sahagún",71218,78078,91956,106900
23,"Córdoba",23670,"San Andrés Sotavento",37104,48206,70044,50434
23,"Córdoba",23672,"San Antero",18108,22184,27680,33630
23,"Córdoba",23675,"San Bernardo del Viento",28700,29022,32584,37270
23,"Córdoba",23678,"San Carlos",22662,22546,24162,27560
23,"Córdoba",23682,"San José de Uré",NA,NA,NA,13926
23,"Córdoba",23686,"San Pelayo",37956,45116,48266,52386
23,"Córdoba",23807,"Tierralta",70168,72416,81608,93480
23,"Córdoba",23815,"Tuchín",NA,NA,NA,54298
23,"Córdoba",23855,"Valencia",26986,27666,31644,35800
25,"Cundinamarca",25001,"Agua de Dios",17992,12988,9330,11306
25,"Cundinamarca",25019,"Albán",8728,6538,5298,6616
25,"Cundinamarca",25035,"Anapoima",12464,10652,10210,14412
25,"Cundinamarca",25040,"Anolaima",21190,15326,12246,14234
25,"Cundinamarca",25053,"Arbeláez",32280,21410,13734,11084
25,"Cundinamarca",25086,"Beltrán",3180,2300,1702,1856
25,"Cundinamarca",25095,"Bituima",5082,3432,2520,2660
25,"Cundinamarca",25099,"Bojacá",5932,5582,6044,9960
25,"Cundinamarca",25120,"Cabrera",6832,5006,4034,5278
25,"Cundinamarca",25123,"Cachipay",13572,10080,8264,10150
25,"Cundinamarca",25126,"Cajicá",32380,35226,44994,78982
25,"Cundinamarca",25148,"Caparrapí",29216,19938,14192,13306
25,"Cundinamarca",25151,"Cáqueza",26040,18714,14910,17342
25,"Cundinamarca",25154,"Carmen de Carupa",14494,10328,7712,7844
25,"Cundinamarca",25168,"Chaguaní",8438,5904,4370,4606
25,"Cundinamarca",25175,"Chía",57188,60576,70962,126894
25,"Cundinamarca",25178,"Chipaque",13922,10772,8316,9610
25,"Cundinamarca",25181,"Choachí",17692,12694,9890,10924
25,"Cundinamarca",25183,"Chocontá",23484,18296,15360,20656
25,"Cundinamarca",25200,"Cogua",18510,15730,15274,21730
25,"Cundinamarca",25214,"Cota",12758,14472,17924,31982
25,"Cundinamarca",25224,"Cucunubá",8880,7088,6204,7720
25,"Cundinamarca",25245,"El Colegio",22138,17944,16980,23508
25,"Cundinamarca",25258,"El Peñón",10768,7570,5206,4842
25,"Cundinamarca",25260,"El Rosal",NA,NA,13842,22226
25,"Cundinamarca",25269,"Facatativá",81694,74558,80728,136496
25,"Cundinamarca",25279,"Fómeque",17430,13208,10574,12334
25,"Cundinamarca",25281,"Fosca",10740,7370,5622,5894
25,"Cundinamarca",25286,"Funza",44148,44566,50500,90338
25,"Cundinamarca",25288,"Fúquene",7482,5554,4350,4822
25,"Cundinamarca",25290,"Fusagasugá",89728,78784,82876,133446
25,"Cundinamarca",25293,"Gachalá",14212,8904,5850,4620
25,"Cundinamarca",25295,"Gachancipá",5494,6950,9050,16938
25,"Cundinamarca",25297,"Gachetá",20180,13570,9220,8368
25,"Cundinamarca",25299,"Gama",6668,4606,3264,3168
25,"Cundinamarca",25307,"Girardot",110148,81180,68340,97838
25,"Cundinamarca",25312,"Granada",NA,NA,4730,7134
25,"Cundinamarca",25317,"Guachetá",17420,12974,10902,13466
25,"Cundinamarca",25320,"Guaduas",32512,25436,22768,33732
25,"Cundinamarca",25322,"Guasca",18260,13994,12218,15340
25,"Cundinamarca",25324,"Guataquí",4542,3294,2598,2948
25,"Cundinamarca",25326,"Guatavita",8198,6340,5264,6364
25,"Cundinamarca",25328,"Guayabal de Síquima",6318,4794,3708,4504
25,"Cundinamarca",25335,"Guayabetal",6444,5374,4724,6424
25,"Cundinamarca",25339,"Gutiérrez",6026,4296,3404,3624
25,"Cundinamarca",25368,"Jerusalén",6360,4202,2796,2450
25,"Cundinamarca",25372,"Junín",12594,8638,6282,5670
25,"Cundinamarca",25377,"La Calera",24392,20566,20192,29330
25,"Cundinamarca",25386,"La Mesa",25784,22316,21700,32860
25,"Cundinamarca",25394,"La Palma",21858,14904,10220,9738
25,"Cundinamarca",25398,"La Peña",13576,9524,6786,6456
25,"Cundinamarca",25402,"La Vega",15040,12578,12320,16842
25,"Cundinamarca",25407,"Lenguazaque",14048,10560,8678,10390
25,"Cundinamarca",25426,"Machetá",14002,9464,6748,6288
25,"Cundinamarca",25430,"Madrid",41800,47378,60050,110454
25,"Cundinamarca",25436,"Manta",8824,6042,4184,3796
25,"Cundinamarca",25438,"Medina",20474,13918,9376,8438
25,"Cundinamarca",25473,"Mosquera",19760,39576,61640,127280
25,"Cundinamarca",25483,"Nariño",3648,2538,2010,2422
25,"Cundinamarca",25486,"Nemocón",10710,9150,9000,13060
25,"Cundinamarca",25488,"Nilo",5280,5568,10040,14552
25,"Cundinamarca",25489,"Nimaima",6994,5084,3650,3788
25,"Cundinamarca",25491,"Nocaima",9948,7266,5668,6304
25,"Cundinamarca",25506,"Venecia",7196,5208,4050,4404
25,"Cundinamarca",25513,"Pacho",37856,26952,20902,24100
25,"Cundinamarca",25518,"Paime",10920,7490,4972,4460
25,"Cundinamarca",25524,"Pandi",7178,5160,4380,5294
25,"Cundinamarca",25530,"Paratebueno",6452,5976,5800,8564
25,"Cundinamarca",25535,"Pasca",15678,11220,8502,9440
25,"Cundinamarca",25572,"Puerto Salgar",19354,13882,11778,15784
25,"Cundinamarca",25580,"Pulí",6970,5058,3674,3546
25,"Cundinamarca",25592,"Quebradanegra",9346,6748,4982,4976
25,"Cundinamarca",25594,"Quetame",8986,6400,5062,5200
25,"Cundinamarca",25596,"Quipile",15534,10746,7502,6738
25,"Cundinamarca",25599,"Apulo",11814,8626,6944,8416
25,"Cundinamarca",25612,"Ricaurte",7848,7638,8106,12986
25,"Cundinamarca",25645,"San Antonio del Tequendama",14068,10810,9370,11876
25,"Cundinamarca",25649,"San Bernardo",18704,12890,9040,8704
25,"Cundinamarca",25653,"San Cayetano",10066,7260,5188,5106
25,"Cundinamarca",25658,"San Francisco",9624,7994,7628,10618
25,"Cundinamarca",25662,"San Juan de Rioseco",16942,11724,8360,8308
25,"Cundinamarca",25718,"Sasaima",13514,10580,8928,11132
25,"Cundinamarca",25736,"Sesquilé",8860,7632,7668,11438
25,"Cundinamarca",25740,"Sibaté",27356,21934,21624,33054
25,"Cundinamarca",25743,"Silvania",24966,19098,16844,21762
25,"Cundinamarca",25745,"Simijaca",12408,9772,8890,12430
25,"Cundinamarca",25754,"Soacha",181140,241718,326994,640660
25,"Cundinamarca",25758,"Sopó",12998,12910,15028,25228
25,"Cundinamarca",25769,"Subachoque",22934,25984,13994,15682
25,"Cundinamarca",25772,"Suesca",14306,11970,11504,16884
25,"Cundinamarca",25777,"Supatá",7986,5826,4616,5312
25,"Cundinamarca",25779,"Susa",9238,6848,5574,6584
25,"Cundinamarca",25781,"Sutatausa",5650,4856,4486,5962
25,"Cundinamarca",25785,"Tabio",13250,12416,13616,21162
25,"Cundinamarca",25793,"Tausa",9658,7604,6790,8424
25,"Cundinamarca",25797,"Tena",9748,8040,7452,9770
25,"Cundinamarca",25799,"Tenjo",14098,12860,13980,21560
25,"Cundinamarca",25805,"Tibacuy",7146,5336,4034,4476
25,"Cundinamarca",25807,"Tibirita",5942,4258,2986,3118
25,"Cundinamarca",25815,"Tocaima",25830,17804,13766,15794
25,"Cundinamarca",25817,"Tocancipá",10378,14962,21444,39672
25,"Cundinamarca",25823,"Topaipí",9520,7056,4856,4424
25,"Cundinamarca",25839,"Ubalá",20412,13910,9612,8216
25,"Cundinamarca",25841,"Ubaque",11612,8960,6608,7044
25,"Cundinamarca",25843,"Villa de San Diego de Ubaté",30622,26330,26408,41378
25,"Cundinamarca",25845,"Une",11376,8172,6352,7250
25,"Cundinamarca",25851,"Útica",8312,5770,4136,4428
25,"Cundinamarca",25862,"Vergara",15608,10630,7436,7168
25,"Cundinamarca",25867,"Vianí",5980,4350,3622,4500
25,"Cundinamarca",25871,"Villagómez",3888,2550,1884,1818
25,"Cundinamarca",25873,"Villapinzón",21994,16272,14074,17322
25,"Cundinamarca",25875,"Villeta",32028,24022,20250,26890
25,"Cundinamarca",25878,"Viotá",25046,17206,12892,13560
25,"Cundinamarca",25885,"Yacopí",30378,20648,14174,12810
25,"Cundinamarca",25898,"Zipacón",5880,4522,3844,4742
25,"Cundinamarca",25899,"Zipaquirá",88766,76744,78320,126582
27,"Chocó",27001,"Quibdó",53930,76904,102514,119762
27,"Chocó",27006,"Acandí",7216,7566,10886,13928
27,"Chocó",27025,"Alto Baudó",7604,12098,17934,27534
27,"Chocó",27050,"Atrato",NA,NA,4514,6118
27,"Chocó",27073,"Bagadó",4262,9004,8414,10958
27,"Chocó",27075,"Bahía Solano",4808,5310,7834,10274
27,"Chocó",27077,"Bajo Baudó",16244,23726,19782,30242
27,"Chocó",27099,"Bojayá",5334,7002,8578,12318
27,"Chocó",27135,"El Cantón del San Pablo",NA,NA,5436,5996
27,"Chocó",27150,"Carmen del Darién",NA,NA,6250,19276
27,"Chocó",27160,"Cértegui",NA,NA,6910,5248
27,"Chocó",27205,"Condoto",10902,14138,9856,12016
27,"Chocó",27245,"El Carmen de Atrato",4448,4932,6322,8158
27,"Chocó",27250,"El Litoral del San Juan",NA,3288,10950,22120
27,"Chocó",27361,"Istmina",20774,22812,31854,29708
27,"Chocó",27372,"Juradó",1766,2440,4702,6852
27,"Chocó",27413,"Lloró",5058,8226,9150,9836
27,"Chocó",27425,"Medio Atrato",NA,NA,3794,10962
27,"Chocó",27430,"Medio Baudó",NA,NA,11108,15178
27,"Chocó",27450,"Medio San Juan",NA,NA,8828,10310
27,"Chocó",27491,"Nóvita",7140,7160,7664,9164
27,"Chocó",27495,"Nuquí",3514,5818,10156,16350
27,"Chocó",27580,"Río Iró",NA,NA,8464,5384
27,"Chocó",27600,"Río Quito",NA,NA,2916,7850
27,"Chocó",27615,"Riosucio",18794,20460,28480,57508
27,"Chocó",27660,"San José del Palmar",5292,5164,5034,5262
27,"Chocó",27745,"Sipí",1860,2048,2402,3410
27,"Chocó",27787,"Tadó",12228,15296,13370,16848
27,"Chocó",27800,"Unguía",8270,8318,10820,13206
27,"Chocó",27810,"Unión Panamericana",NA,NA,7164,6680
41,"Huila",41001,"Neiva",187524,240394,295978,342196
41,"Huila",41006,"Acevedo",16198,17750,21470,25656
41,"Huila",41013,"Agrado",6084,6910,7880,8764
41,"Huila",41016,"Aipe",9694,11138,13666,16058
41,"Huila",41020,"Algeciras",19822,19730,21576,23202
41,"Huila",41026,"Altamira",2600,3084,3672,4698
41,"Huila",41078,"Baraya",8532,8310,8450,9032
41,"Huila",41132,"Campoalegre",24594,26978,29000,30878
41,"Huila",41206,"Colombia",11320,9722,9026,7860
41,"Huila",41244,"Elías",3016,3394,3750,4396
41,"Huila",41298,"Garzón",41588,48414,62144,72846
41,"Huila",41306,"Gigante",21434,21116,23222,24510
41,"Huila",41319,"Guadalupe",12164,12848,15732,18256
41,"Huila",41349,"Hobo",5436,6166,6814,7440
41,"Huila",41357,"Íquira",7468,7736,8482,9438
41,"Huila",41359,"Isnos",16482,17810,21540,25538
41,"Huila",41378,"La Argentina",7544,8452,10736,13082
41,"Huila",41396,"La Plata",36188,41590,51318,61940
41,"Huila",41483,"Nátaga",4800,4970,5772,6652
41,"Huila",41503,"Oporapa",7444,8104,10072,11888
41,"Huila",41518,"Paicol",4646,4954,5802,6730
41,"Huila",41524,"Palermo",16676,18698,22760,26772
41,"Huila",41530,"Palestina",7012,7706,9522,11646
41,"Huila",41548,"Pital",10988,11194,12648,14006
41,"Huila",41551,"Pitalito",51670,69636,95330,123588
41,"Huila",41615,"Rivera",11838,14856,19426,25950
41,"Huila",41660,"Saladoblanco",8124,8152,9350,10768
41,"Huila",41668,"San Agustín",22126,23882,28530,33676
41,"Huila",41676,"Santa María",9568,9388,10154,10884
41,"Huila",41770,"Suaza",9390,12280,17128,22666
41,"Huila",41791,"Tarqui",12744,13378,15586,17872
41,"Huila",41797,"Tesalia",7180,8064,9440,10896
41,"Huila",41799,"Tello",12012,11716,12010,12456
41,"Huila",41801,"Teruel",7268,7252,7786,8366
41,"Huila",41807,"Timaná",16512,17542,19754,22244
41,"Huila",41872,"Villavieja",7436,7348,7376,7502
41,"Huila",41885,"Yaguará",5258,6090,6978,7836
44,"La Guajira",44001,"Riohacha",105062,118072,130520,183766
44,"La Guajira",44035,"Albania",NA,NA,19844,29338
44,"La Guajira",44078,"Barrancas",22584,24246,24760,35536
44,"La Guajira",44090,"Dibulla",NA,NA,23800,38512
44,"La Guajira",44098,"Distracción",NA,NA,11632,13210
44,"La Guajira",44110,"El Molino",NA,7694,6638,7226
44,"La Guajira",44279,"Fonseca",36696,39414,31768,42154
44,"La Guajira",44378,"Hatonuevo",NA,NA,15060,19950
44,"La Guajira",44420,"La Jagua del Pilar",NA,NA,2746,3710
44,"La Guajira",44430,"Maicao",93884,116112,120312,165184
44,"La Guajira",44560,"Manaure",14224,26910,55588,81058
44,"La Guajira",44650,"San Juan del Cesar",39184,39010,39322,46334
44,"La Guajira",44847,"Uribia",28378,49312,109392,157656
44,"La Guajira",44855,"Urumita",13248,13908,10542,10994
44,"La Guajira",44874,"Villanueva",30218,25566,23146,27866
47,"Magdalena",47001,"Santa Marta",203370,289484,381602,483334
47,"Magdalena",47030,"Algarrobo",NA,NA,12506,16074
47,"Magdalena",47053,"Aracataca",36982,39310,32852,40384
47,"Magdalena",47058,"Ariguaní",27004,26514,27892,31018
47,"Magdalena",47161,"Cerro de San Antonio",18114,14866,8638,10228
47,"Magdalena",47170,"Chibolo",12230,14844,16662,23390
47,"Magdalena",47189,"Ciénaga",124976,135690,109568,119242
47,"Magdalena",47205,"Concordia",NA,NA,9630,11086
47,"Magdalena",47245,"El Banco",42730,48968,54002,66022
47,"Magdalena",47258,"El Piñón",13966,15924,17618,23466
47,"Magdalena",47268,"El Retén",NA,NA,17114,20182
47,"Magdalena",47288,"Fundación",41104,48054,53122,65386
47,"Magdalena",47318,"Guamal",24558,22552,23416,27546
47,"Magdalena",47460,"Nueva Granada",NA,NA,14062,20516
47,"Magdalena",47541,"Pedraza",14300,11756,7566,9598
47,"Magdalena",47545,"Pijiño del Carmen",NA,NA,12104,12540
47,"Magdalena",47551,"Pivijay",38980,40354,31640,38132
47,"Magdalena",47555,"Plato",67808,62336,49970,63122
47,"Magdalena",47570,"Puebloviejo",14764,17138,21772,30404
47,"Magdalena",47605,"Remolino",11196,10990,10840,11920
47,"Magdalena",47660,"Sabanas de San Ángel",NA,NA,13094,16790
47,"Magdalena",47675,"Salamina",7578,8420,9198,10896
47,"Magdalena",47692,"San Sebastián de Buenavista",14806,14442,15928,20014
47,"Magdalena",47703,"San Zenón",8134,8030,8972,11966
47,"Magdalena",47707,"Santa Ana",31344,30974,34456,26442
47,"Magdalena",47720,"Santa Bárbara de Pinto",NA,NA,11422,10888
47,"Magdalena",47745,"Sitionuevo",18750,19926,22858,28134
47,"Magdalena",47798,"Tenerife",19520,17558,12728,14036
47,"Magdalena",47960,"Zapayán",NA,NA,8950,10438
47,"Magdalena",47980,"Zona Bananera",NA,NA,45622,69844
50,"Meta",50001,"Villavicencio",179686,247008,399696,524568
50,"Meta",50006,"Acacías",25656,39684,65772,91634
50,"Meta",50110,"Barranca de Upía",NA,2628,4468,6522
50,"Meta",50124,"Cabuyaro",2042,3452,4870,6702
50,"Meta",50150,"Castilla la Nueva",3340,6536,10036,14822
50,"Meta",50223,"Cubarral",6400,4522,5534,7082
50,"Meta",50226,"Cumaral",11306,13290,17748,22742
50,"Meta",50245,"El Calvario",2546,2666,2176,1952
50,"Meta",50251,"El Castillo",10522,9614,8766,8398
50,"Meta",50270,"El Dorado",NA,2954,3338,3978
50,"Meta",50287,"Fuente de Oro",3968,6158,9164,12442
50,"Meta",50313,"Granada",30218,37604,56774,67862
50,"Meta",50318,"Guamal",7946,9386,11550,14086
50,"Meta",50325,"Mapiripán",NA,8498,6730,7602
50,"Meta",50330,"Mesetas",18166,11562,10790,11850
50,"Meta",50350,"La Macarena",5410,11738,19728,28930
50,"Meta",50370,"Uribe",NA,8468,8474,10474
50,"Meta",50400,"Lejanías",9984,10960,10976,11902
50,"Meta",50450,"Puerto Concordia",NA,8704,8168,9024
50,"Meta",50568,"Puerto Gaitán",5914,15470,28228,44442
50,"Meta",50573,"Puerto López",18582,21016,25804,31042
50,"Meta",50577,"Puerto Lleras",7754,9098,9600,11304
50,"Meta",50590,"Puerto Rico",12202,15148,14266,14428
50,"Meta",50606,"Restrepo",7982,10788,14018,18396
50,"Meta",50680,"San Carlos de Guaroa",3660,5708,9244,12992
50,"Meta",50683,"San Juan de Arama",8104,8280,8788,9712
50,"Meta",50686,"San Juanito",1410,1470,1404,1384
50,"Meta",50689,"San Martín",21526,17340,22304,26524
50,"Meta",50711,"Vistahermosa",20312,20560,18384,19010
52,"Nariño",52001,"Pasto",276190,264946,345442,371414
52,"Nariño",52019,"Albán",17664,12560,11364,9712
52,"Nariño",52022,"Aldana",5384,5862,6410,7088
52,"Nariño",52036,"Ancuya",11230,10792,9906,8990
52,"Nariño",52051,"Arboleda",13822,7820,8254,8502
52,"Nariño",52079,"Barbacoas",21440,30574,44036,56498
52,"Nariño",52083,"Belén",2728,3670,4972,6172
52,"Nariño",52110,"Buesaco",20698,21208,22798,23748
52,"Nariño",52203,"Colón",9382,9230,9118,8676
52,"Nariño",52207,"Consacá",11262,11762,12680,13562
52,"Nariño",52210,"Contadero",6508,6490,6960,7170
52,"Nariño",52215,"Córdoba",11578,12168,13584,14928
52,"Nariño",52224,"Cuaspud Carlosama",5750,6690,7774,9018
52,"Nariño",52227,"Cumbal",13522,19704,27878,35916
52,"Nariño",52233,"Cumbitara",6798,6498,6404,6048
52,"Nariño",52240,"Chachagüí",NA,11890,13988,15282
52,"Nariño",52250,"El Charco",24222,23970,23066,22682
52,"Nariño",52254,"El Peñol",NA,NA,9440,7500
52,"Nariño",52256,"El Rosario",8354,9954,11598,12476
52,"Nariño",52258,"El Tablón de Gómez",10662,11808,13196,14494
52,"Nariño",52260,"El Tambo",26480,28910,17912,14132
52,"Nariño",52287,"Funes",7464,7480,7648,7238
52,"Nariño",52317,"Guachucal",12468,13554,16570,18696
52,"Nariño",52320,"Guaitarilla",14858,13832,12892,11530
52,"Nariño",52323,"Gualmatán",5566,5712,6206,6678
52,"Nariño",52352,"Iles",7552,7416,7640,7444
52,"Nariño",52354,"Imués",8440,8460,7962,7352
52,"Nariño",52356,"Ipiales",72566,84296,100074,111754
52,"Nariño",52378,"La Cruz",19914,19206,19618,18346
52,"Nariño",52381,"La Florida",11318,10826,10536,9968
52,"Nariño",52385,"La Llanada",NA,7668,7202,6382
52,"Nariño",52390,"La Tola",NA,8348,8194,7406
52,"Nariño",52399,"La Unión",21954,25096,28944,31596
52,"Nariño",52405,"Leiva",9938,10454,10336,10130
52,"Nariño",52411,"Linares",13958,13400,11906,10252
52,"Nariño",52418,"Los Andes",14832,12426,10938,9596
52,"Nariño",52427,"Magüí",4678,9876,18054,25272
52,"Nariño",52435,"Mallama",6512,7158,8120,8948
52,"Nariño",52473,"Mosquera",5548,8062,9768,12108
52,"Nariño",52480,"Nariño",NA,NA,4622,4332
52,"Nariño",52490,"Olaya Herrera",16776,30476,28212,25384
52,"Nariño",52506,"Ospina",6762,6926,7178,6996
52,"Nariño",52520,"Francisco Pizarro",7402,9822,12712,14494
52,"Nariño",52540,"Policarpa",8774,9108,9774,9882
52,"Nariño",52560,"Potosí",14302,12324,11608,10214
52,"Nariño",52565,"Providencia",NA,10504,7868,5392
52,"Nariño",52573,"Puerres",10232,9406,8812,8390
52,"Nariño",52585,"Pupiales",16616,16264,16726,17112
52,"Nariño",52612,"Ricaurte",7078,10780,15322,19930
52,"Nariño",52621,"Roberto Payán",10114,10814,11782,12702
52,"Nariño",52678,"Samaniego",50868,45746,37658,29090
52,"Nariño",52683,"Sandoná",30922,28894,25686,20588
52,"Nariño",52685,"San Bernardo",NA,9866,10002,9364
52,"Nariño",52687,"San Lorenzo",16042,16252,18040,18898
52,"Nariño",52693,"San Pablo",19956,18494,16962,14856
52,"Nariño",52694,"San Pedro de Cartago",NA,5638,6412,6876
52,"Nariño",52696,"Santa Bárbara",8194,10592,12046,13600
52,"Nariño",52699,"Santacruz",8316,8874,9942,10860
52,"Nariño",52720,"Sapuyes",7194,7012,7166,7294
52,"Nariño",52786,"Taminango",18744,18344,18446,17748
52,"Nariño",52788,"Tangua",11674,12538,12884,13304
52,"Nariño",52835,"San Andrés de Tumaco",110238,149020,203388,249770
52,"Nariño",52838,"Túquerres",40570,37418,40918,43844
52,"Nariño",52885,"Yacuanquer",8754,8944,10026,10766
54,"Norte de Santander",54001,"San José de Cúcuta",354496,462336,591924,688432
54,"Norte de Santander",54003,"Ábrego",31432,28660,29096,32024
54,"Norte de Santander",54051,"Arboledas",11602,11460,10136,10340
54,"Norte de Santander",54099,"Bochalema",5966,6594,7026,8446
54,"Norte de Santander",54109,"Bucarasica",5476,5656,5546,6636
54,"Norte de Santander",54125,"Cácota",3722,3516,3158,2988
54,"Norte de Santander",54128,"Cáchira",18722,12706,11176,11564
54,"Norte de Santander",54172,"Chinácota",11288,12820,14724,16942
54,"Norte de Santander",54174,"Chitagá",11052,11076,10816,12038
54,"Norte de Santander",54206,"Convención",18876,19084,18120,18958
54,"Norte de Santander",54223,"Cucutilla",10138,9834,8444,8432
54,"Norte de Santander",54239,"Durania",5022,4824,4914,4732
54,"Norte de Santander",54245,"El Carmen",15596,14970,13468,13724
54,"Norte de Santander",54250,"El Tarra",NA,10244,14994,21206
54,"Norte de Santander",54261,"El Zulia",13016,16976,21694,27254
54,"Norte de Santander",54313,"Gramalote",7966,7684,7160,8110
54,"Norte de Santander",54344,"Hacarí",10560,10806,9790,10454
54,"Norte de Santander",54347,"Herrán",5508,5814,6010,6860
54,"Norte de Santander",54377,"Labateca",7614,7476,6632,6508
54,"Norte de Santander",54385,"La Esperanza",NA,5040,7866,11884
54,"Norte de Santander",54398,"La Playa",8850,8948,7504,7888
54,"Norte de Santander",54405,"Los Patios",14156,33944,61088,85160
54,"Norte de Santander",54418,"Lourdes",4148,4058,4138,4176
54,"Norte de Santander",54480,"Mutiscua",3482,3626,3640,4326
54,"Norte de Santander",54498,"Ocaña",65202,74326,99372,113658
54,"Norte de Santander",54518,"Pamplona",37826,38686,46384,47952
54,"Norte de Santander",54520,"Pamplonita",5310,5632,5112,5652
54,"Norte de Santander",54553,"Puerto Santander",NA,3692,6486,8416
54,"Norte de Santander",54599,"Ragonvalia",5632,5782,5692,6298
54,"Norte de Santander",54660,"Salazar",12500,11830,10886,10730
54,"Norte de Santander",54670,"San Calixto",25230,11070,11200,12782
54,"Norte de Santander",54673,"San Cayetano",2836,3866,5152,7070
54,"Norte de Santander",54680,"Santiago",2802,2860,3188,3478
54,"Norte de Santander",54720,"Sardinata",23526,24182,24550,26450
54,"Norte de Santander",54743,"Silos",6518,6790,5954,6454
54,"Norte de Santander",54800,"Teorama",16258,16326,15340,16688
54,"Norte de Santander",54810,"Tibú",35584,40162,45524,56502
54,"Norte de Santander",54820,"Toledo",17622,16790,15424,15992
54,"Norte de Santander",54871,"Villa Caro",5302,5348,4860,5058
54,"Norte de Santander",54874,"Villa del Rosario",59456,75412,90028,98724
63,"Quindio",63001,"Armenia",220016,239600,265564,278742
63,"Quindio",63111,"Buenavista",4106,4300,3410,3258
63,"Quindio",63130,"Calarcá",62300,63814,67188,71452
63,"Quindio",63190,"Circasia",21424,22552,24588,27142
63,"Quindio",63212,"Córdoba",6242,6330,5746,5968
63,"Quindio",63272,"Filandia",12228,11880,11498,11934
63,"Quindio",63302,"Génova",11754,10446,9046,7986
63,"Quindio",63401,"La Tebaida",23310,25972,29366,32834
63,"Quindio",63470,"Montenegro",36338,37016,37218,36398
63,"Quindio",63548,"Pijao",9850,8504,6776,5384
63,"Quindio",63594,"Quimbaya",35942,35648,32442,29914
63,"Quindio",63690,"Salento",6960,7424,7910,9490
66,"Risaralda",66001,"Pereira",312838,361434,415026,440412
66,"Risaralda",66045,"Apía",16590,16034,14384,12742
66,"Risaralda",66075,"Balboa",10120,8814,8194,6760
66,"Risaralda",66088,"Belén de Umbría",25952,27342,26294,24960
66,"Risaralda",66170,"Dosquebradas",110590,142316,178682,203764
66,"Risaralda",66318,"Guática",14372,14260,13184,12404
66,"Risaralda",66383,"La Celia",9882,9662,8922,7922
66,"Risaralda",66400,"La Virginia",26966,28200,27976,26358
66,"Risaralda",66440,"Marsella",23220,21892,19630,16962
66,"Risaralda",66456,"Mistrató",11446,13068,15164,17156
66,"Risaralda",66572,"Pueblo Rico",10844,12612,14394,16328
66,"Risaralda",66594,"Quinchía",31206,30560,29468,27652
66,"Risaralda",66682,"Santa Rosa de Cabal",69356,75490,76994,76426
66,"Risaralda",66687,"Santuario",17998,17118,15686,12990
68,"Santander",68001,"Bucaramanga",294100,355618,458640,551514
68,"Santander",68013,"Aguada",2360,2224,2168,1916
68,"Santander",68020,"Albania",5834,4684,4898,4326
68,"Santander",68051,"Aratoca",7114,7416,8010,8440
68,"Santander",68077,"Barbosa",15090,18482,24392,30092
68,"Santander",68079,"Barichara",6680,7974,8954,10204
68,"Santander",68081,"Barrancabermeja",135926,149528,176240,198000
68,"Santander",68092,"Betulia",6312,6404,6138,6332
68,"Santander",68101,"Bolívar",21924,20050,16312,11584
68,"Santander",68121,"Cabrera",2508,2364,2206,1932
68,"Santander",68132,"California",1174,1536,1800,2190
68,"Santander",68147,"Capitanejo",7602,7000,6296,5544
68,"Santander",68152,"Carcasí",6340,5920,5304,4592
68,"Santander",68160,"Cepitá",2404,2412,2272,2058
68,"Santander",68162,"Cerrito",5924,6278,6554,7088
68,"Santander",68167,"Charalá",16172,15508,13818,12192
68,"Santander",68169,"Charta",3822,3804,3222,2988
68,"Santander",68176,"Chimá",4030,3850,3378,2992
68,"Santander",68179,"Chipatá",7332,6232,5964,5302
68,"Santander",68190,"Cimitarra",18100,22050,27516,33966
68,"Santander",68207,"Concepción",6846,6608,6202,5824
68,"Santander",68209,"Confines",2252,2706,3012,3346
68,"Santander",68211,"Contratación",4024,3982,3836,3654
68,"Santander",68217,"Coromoro",7342,6914,6060,5334
68,"Santander",68229,"Curití",8828,9822,11122,12692
68,"Santander",68235,"El Carmen de Chucurí",NA,16216,18856,21698
68,"Santander",68245,"El Guacamayo",2862,2786,2462,2170
68,"Santander",68250,"El Peñón",NA,6220,5866,5626
68,"Santander",68255,"El Playón",13508,13638,13860,14154
68,"Santander",68264,"Encino",2974,2898,2754,2662
68,"Santander",68266,"Enciso",5082,4764,4152,3552
68,"Santander",68271,"Florián",6966,6588,6334,5754
68,"Santander",68276,"Floridablanca",124666,160044,215972,275270
68,"Santander",68296,"Galán",3804,3644,3312,2970
68,"Santander",68298,"Gámbita",5706,5512,4786,4218
68,"Santander",68307,"Girón",46806,72394,114420,157354
68,"Santander",68318,"Guaca",8032,7568,6928,6240
68,"Santander",68320,"Guadalupe",7350,6804,5674,4558
68,"Santander",68322,"Guapotá",2594,2620,2450,2466
68,"Santander",68324,"Guavatá",6350,5828,5054,4286
68,"Santander",68327,"Güepsa",3610,3970,4528,5176
68,"Santander",68344,"Hato",2490,2496,2388,2500
68,"Santander",68368,"Jesús María",3824,3752,3562,3412
68,"Santander",68370,"Jordán",1322,1272,1252,1334
68,"Santander",68377,"La Belleza",8756,8142,7222,6390
68,"Santander",68385,"Landázuri",11214,11100,10906,10738
68,"Santander",68397,"La Paz",7448,6980,5972,5198
68,"Santander",68406,"Lebrija",23322,27930,34970,42864
68,"Santander",68418,"Los Santos",8744,10214,12582,14676
68,"Santander",68425,"Macaravita",4580,4038,3186,2278
68,"Santander",68432,"Málaga",13930,15494,17550,20036
68,"Santander",68444,"Matanza",6066,6018,5530,5224
68,"Santander",68464,"Mogotes",11698,11472,11194,10626
68,"Santander",68468,"Molagavita",7462,6630,5594,4382
68,"Santander",68498,"Ocamonte",5272,5494,5612,6024
68,"Santander",68500,"Oiba",8846,9346,10062,10864
68,"Santander",68502,"Onzaga",8018,7066,5738,4390
68,"Santander",68522,"Palmar",1064,1106,1278,1392
68,"Santander",68524,"Palmas del Socorro",2106,2308,2470,2576
68,"Santander",68533,"Páramo",2998,3414,4092,4866
68,"Santander",68547,"Piedecuesta",44110,72892,117510,165572
68,"Santander",68549,"Pinchote",3654,4078,4544,5280
68,"Santander",68572,"Puente Nacional",14926,14890,14666,14620
68,"Santander",68573,"Puerto Parra",5880,6442,7328,7896
68,"Santander",68575,"Puerto Wilches",22120,25202,29120,33752
68,"Santander",68615,"Rionegro",30810,31318,28518,27934
68,"Santander",68655,"Sabana de Torres",20360,23446,28484,33538
68,"Santander",68669,"San Andrés",13190,12128,10492,9082
68,"Santander",68673,"San Benito",3890,3898,3442,3184
68,"Santander",68679,"San Gil",27968,33514,43468,53596
68,"Santander",68682,"San Joaquín",3862,3538,2878,2326
68,"Santander",68684,"San José de Miranda",7038,6324,5386,4520
68,"Santander",68686,"San Miguel",4422,4020,3350,2712
68,"Santander",68689,"San Vicente de Chucurí",59392,39214,36432,34622
68,"Santander",68705,"Santa Bárbara",2418,2638,2632,2604
68,"Santander",68720,"Santa Helena del Opón",5048,4798,4096,3572
68,"Santander",68745,"Simacota",10854,10776,10564,10728
68,"Santander",68755,"Socorro",18894,21882,27960,31276
68,"Santander",68770,"Suaita",11332,11218,10704,10184
68,"Santander",68773,"Sucre",12374,10586,9050,7416
68,"Santander",68780,"Suratá",4838,4802,4360,4110
68,"Santander",68820,"Tona",5916,6472,7076,7882
68,"Santander",68855,"Valle de San José",4692,5210,5586,6162
68,"Santander",68861,"Vélez",15508,17542,21476,25532
68,"Santander",68867,"Vetas",1788,1886,2090,2154
68,"Santander",68872,"Villanueva",6360,6524,7020,7720
68,"Santander",68895,"Zapatoca",9336,9282,9334,9198
70,"Sucre",70001,"Sincelejo",138620,181694,225686,268896
70,"Sucre",70110,"Buenavista",6630,7922,9226,10472
70,"Sucre",70124,"Caimito",9536,10138,12684,15884
70,"Sucre",70204,"Coloso",10160,9372,9222,9026
70,"Sucre",70215,"Corozal",48826,57014,59764,66478
70,"Sucre",70221,"Coveñas",NA,NA,15454,20534
70,"Sucre",70230,"Chalán",4296,4338,4514,4770
70,"Sucre",70233,"El Roble",NA,NA,10994,10246
70,"Sucre",70235,"Galeras",12700,14886,18278,22502
70,"Sucre",70265,"Guaranda",12068,12988,15288,18388
70,"Sucre",70400,"La Unión",7756,8778,10580,12840
70,"Sucre",70418,"Los Palmitos",17618,17922,20294,23312
70,"Sucre",70429,"Majagual",27002,26718,31774,38170
70,"Sucre",70473,"Morroa",10156,10820,12882,15130
70,"Sucre",70508,"Ovejas",23412,22126,22716,23558
70,"Sucre",70523,"Palmito",4920,7084,10358,14598
70,"Sucre",70670,"Sampués",21464,27404,36670,47114
70,"Sucre",70678,"San Benito Abad",21028,23670,27804,30108
70,"Sucre",70702,"San Juan de Betulia",9556,10458,11786,13866
70,"Sucre",70708,"San Marcos",34008,40258,48156,57602
70,"Sucre",70713,"San Onofre",47828,44696,46788,50580
70,"Sucre",70717,"San Pedro",16634,17174,18062,18812
70,"Sucre",70742,"San Luis de Sincé",25470,32208,31826,31078
70,"Sucre",70771,"Sucre",23066,23600,26512,31828
70,"Sucre",70820,"Santiago de Tolú",25382,34174,30330,32458
70,"Sucre",70823,"Tolú Viejo",15964,16310,18554,21726
73,"Tolima",73001,"Ibagué",296980,362816,450148,506350
73,"Tolima",73024,"Alpujarra",6496,5794,5430,4700
73,"Tolima",73026,"Alvarado",9910,10942,9426,8864
73,"Tolima",73030,"Ambalema",8388,8390,7760,6790
73,"Tolima",73043,"Anzoátegui",12156,11418,11136,10778
73,"Tolima",73055,"Armero",15116,15108,14416,12906
73,"Tolima",73067,"Ataco",25868,25330,21794,20184
73,"Tolima",73124,"Cajamarca",20496,22042,19912,19110
73,"Tolima",73148,"Carmen de Apicalá",5612,7282,8852,10126
73,"Tolima",73152,"Casabianca",8770,7778,7386,6822
73,"Tolima",73168,"Chaparral",48008,49282,49430,51260
73,"Tolima",73200,"Coello",10758,9772,9166,8396
73,"Tolima",73217,"Coyaima",31522,26920,25086,23302
73,"Tolima",73226,"Cunday",17690,15120,12048,9134
73,"Tolima",73236,"Dolores",12234,10756,10066,8684
73,"Tolima",73268,"Espinal",59344,65176,68876,69340
73,"Tolima",73270,"Falan",20680,23482,10820,7964
73,"Tolima",73275,"Flandes",22246,24598,27170,27962
73,"Tolima",73283,"Fresno",32824,32470,32358,31930
73,"Tolima",73319,"Guamo",37534,36156,33788,32600
73,"Tolima",73347,"Herveo",12226,10988,9174,7590
73,"Tolima",73349,"Honda",25072,27904,27422,24254
73,"Tolima",73352,"Icononzo",12452,12038,12064,12346
73,"Tolima",73408,"Lérida",13972,16250,17390,18260
73,"Tolima",73411,"Líbano",46712,42958,40600,36354
73,"Tolima",73443,"Mariquita",27038,30372,34334,37158
73,"Tolima",73449,"Melgar",18424,23970,31236,37000
73,"Tolima",73461,"Murillo",3518,3736,4126,4428
73,"Tolima",73483,"Natagaima",21196,19880,17660,14820
73,"Tolima",73504,"Ortega",38958,35276,35158,35866
73,"Tolima",73520,"Palocabildo",NA,NA,12826,10062
73,"Tolima",73547,"Piedras",6036,6232,6432,7038
73,"Tolima",73555,"Planadas",26654,26770,26470,26810
73,"Tolima",73563,"Prado",10706,10072,9548,8716
73,"Tolima",73585,"Purificación",26208,24504,24238,23344
73,"Tolima",73616,"Rioblanco",30224,28844,25510,23980
73,"Tolima",73622,"Roncesvalles",7164,6866,6320,5776
73,"Tolima",73624,"Rovira",26208,24964,23552,22324
73,"Tolima",73671,"Saldaña",14256,13926,14396,14198
73,"Tolima",73675,"San Antonio",21088,18670,16022,13470
73,"Tolima",73678,"San Luis",16444,15330,14602,13758
73,"Tolima",73686,"Santa Isabel",7878,7384,6944,6128
73,"Tolima",73770,"Suárez",4852,4716,4246,3918
73,"Tolima",73854,"Valle de San Juan",6356,6054,5962,5482
73,"Tolima",73861,"Venadillo",15152,14932,14308,13156
73,"Tolima",73870,"Villahermosa",14888,13386,11714,9722
73,"Tolima",73873,"Villarrica",9726,8770,7190,5412
76,"Valle del Cauca",76001,"Cali",1579124,1803224,2002646,2085230
76,"Valle del Cauca",76020,"Alcalá",16924,18538,15124,14152
76,"Valle del Cauca",76036,"Andalucía",19980,20256,21414,21768
76,"Valle del Cauca",76041,"Ansermanuevo",22862,20314,19874,17692
76,"Valle del Cauca",76054,"Argelia",10774,9084,7578,5690
76,"Valle del Cauca",76100,"Bolívar",21806,18952,18080,16092
76,"Valle del Cauca",76109,"Buenaventura",232258,252664,280764,293374
76,"Valle del Cauca",76111,"Guadalajara de Buga",109160,118350,122068,122080
76,"Valle del Cauca",76113,"Bugalagrande",27314,25890,25186,23954
76,"Valle del Cauca",76122,"Caicedonia",39432,38574,33026,28636
76,"Valle del Cauca",76126,"Calima",13364,14324,16302,18012
76,"Valle del Cauca",76130,"Candelaria",56162,61052,76070,88872
76,"Valle del Cauca",76147,"Cartago",112984,121206,127660,126770
76,"Valle del Cauca",76233,"Dagua",40022,39454,44842,48706
76,"Valle del Cauca",76243,"El Águila",16194,13368,11780,9348
76,"Valle del Cauca",76246,"El Cairo",14578,11760,10272,7332
76,"Valle del Cauca",76248,"El Cerrito",50528,51934,53990,54244
76,"Valle del Cauca",76250,"El Dovio",15832,13492,11312,8724
76,"Valle del Cauca",76275,"Florida",49518,51404,54530,55774
76,"Valle del Cauca",76306,"Ginebra",18336,18404,20752,22432
76,"Valle del Cauca",76318,"Guacarí",30336,30038,31860,32128
76,"Valle del Cauca",76364,"Jamundí",50520,77606,117850,154990
76,"Valle del Cauca",76377,"La Cumbre",14092,13488,15284,16536
76,"Valle del Cauca",76400,"La Unión",25114,26804,30312,32090
76,"Valle del Cauca",76403,"La Victoria",17928,15966,14038,11558
76,"Valle del Cauca",76497,"Obando",18390,16190,14514,12176
76,"Valle del Cauca",76520,"Palmira",257600,284260,313130,334050
76,"Valle del Cauca",76563,"Pradera",40868,42930,45678,45748
76,"Valle del Cauca",76606,"Restrepo",15530,15806,15456,15186
76,"Valle del Cauca",76616,"Riofrío",19224,17508,17016,15508
76,"Valle del Cauca",76622,"Roldanillo",37164,36090,36328,34962
76,"Valle del Cauca",76670,"San Pedro",14520,13924,15902,16732
76,"Valle del Cauca",76736,"Sevilla",67786,62582,50234,41750
76,"Valle del Cauca",76823,"Toro",18678,18332,16166,14108
76,"Valle del Cauca",76828,"Trujillo",24856,21460,21218,19318
76,"Valle del Cauca",76834,"Tuluá",144642,163562,186104,201756
76,"Valle del Cauca",76845,"Ulloa",7358,6412,6132,5658
76,"Valle del Cauca",76863,"Versalles",13820,11646,9816,7144
76,"Valle del Cauca",76869,"Vijes",10578,10846,12098,12928
76,"Valle del Cauca",76890,"Yotoco",15536,14842,15790,16042
76,"Valle del Cauca",76892,"Yumbo",62166,75342,92848,104100
76,"Valle del Cauca",76895,"Zarzal",34544,36974,38970,39742
81,"Arauca",81001,"Arauca",56298,65126,73682,85414
81,"Arauca",81065,"Arauquita",29086,34978,40766,52260
81,"Arauca",81220,"Cravo Norte",7080,6240,4846,4126
81,"Arauca",81300,"Fortul",NA,9302,13576,19064
81,"Arauca",81591,"Puerto Rondón",3912,4170,4138,4594
81,"Arauca",81736,"Saravena",49518,48998,50898,55064
81,"Arauca",81794,"Tame",29446,32156,38048,44516
85,"Casanare",85001,"Yopal",40424,73900,125108,167100
85,"Casanare",85010,"Aguazul",20744,24504,29902,37074
85,"Casanare",85015,"Chámeza",3210,2646,2574,2596
85,"Casanare",85125,"Hato Corozal",12824,11222,11064,12912
85,"Casanare",85136,"La Salina",1760,1518,1504,1528
85,"Casanare",85139,"Maní",11564,12488,14788,18064
85,"Casanare",85162,"Monterrey",8852,10758,14110,17492
85,"Casanare",85225,"Nunchía",9270,8246,7870,9498
85,"Casanare",85230,"Orocué",5594,6882,9170,12722
85,"Casanare",85250,"Paz de Ariporo",17012,21286,28400,36820
85,"Casanare",85263,"Pore",8838,8802,10000,12300
85,"Casanare",85279,"Recetor",3640,2656,1894,1798
85,"Casanare",85300,"Sabanalarga",3904,3546,3312,3686
85,"Casanare",85315,"Sácama",1470,1480,1736,2136
85,"Casanare",85325,"San Luis de Palenque",8602,7634,7546,8810
85,"Casanare",85400,"Támara",10446,8340,6930,7298
85,"Casanare",85410,"Tauramena",9872,13366,18670,24090
85,"Casanare",85430,"Trinidad",8932,9176,10554,13454
85,"Casanare",85440,"Villanueva",12268,18596,27034,35718
86,"Putumayo",86001,"Mocoa",24880,15992,38626,55418
86,"Putumayo",86219,"Colón",2666,2758,4330,5170
86,"Putumayo",86320,"Orito",15292,18982,30206,37822
86,"Putumayo",86568,"Puerto Asís",44500,33192,50826,65362
86,"Putumayo",86569,"Puerto Caicedo",NA,11982,13964,16604
86,"Putumayo",86571,"Puerto Guzmán",NA,20996,26216,37278
86,"Putumayo",86573,"Puerto Leguízamo",10306,14902,21600,30220
86,"Putumayo",86749,"Sibundoy",6212,6792,11542,14340
86,"Putumayo",86755,"San Francisco",3892,3596,4938,5514
86,"Putumayo",86757,"San Miguel",NA,NA,15144,19118
86,"Putumayo",86760,"Santiago",3586,3752,5656,7092
86,"Putumayo",86865,"Valle del Guamuez",12482,40652,30220,33698
86,"Putumayo",86885,"Villagarzón",13060,14252,19070,23746
88,"Archipiélago de San Andrés",88001,"San Andrés",37584,49080,55232,53382
88,"Archipiélago de San Andrés",88564,"Providencia",4406,5668,5948,5808
91,"Amazonas",91001,"Leticia",21176,28404,38876,49562
91,"Amazonas",91263,"El Encanto (CD)",2048,3762,3060,2282
91,"Amazonas",91405,"La Chorrera (CD)",2852,3460,2750,3314
91,"Amazonas",91407,"La Pedrera (CD)",1174,1754,2648,4006
91,"Amazonas",91430,"La Victoria (CD)",NA,NA,826,630
91,"Amazonas",91460,"Miriti - Paraná (CD)",1968,2496,1792,2056
91,"Amazonas",91530,"Puerto Alegría (CD)",NA,NA,944,824
91,"Amazonas",91536,"Puerto Arica (CD)",NA,NA,1108,1052
91,"Amazonas",91540,"Puerto Nariño",2274,4074,6974,10222
91,"Amazonas",91669,"Puerto Santander (CD)",1170,1162,1326,1860
91,"Amazonas",91798,"Tarapacá (CD)",1484,1826,2760,4014
94,"Guainía",94001,"Inírida",10476,12646,21576,32678
94,"Guainía",94343,"Barrancominas (CD)",2422,2176,4780,8662
94,"Guainía",94663,"Mapiripana (CD)",NA,1694,1176,1108
94,"Guainía",94883,"San Felipe (CD)",576,876,1148,1724
94,"Guainía",94884,"Puerto Colombia (CD)",1300,1218,1404,1964
94,"Guainía",94885,"La Guadalupe (CD)",80,154,212,294
94,"Guainía",94886,"Cacahual (CD)",776,632,668,880
94,"Guainía",94887,"Pana Pana (CD)",876,1018,1312,2018
94,"Guainía",94888,"Morichal (CD)",348,490,666,948
95,"Guaviare",95001,"San José del Guaviare",29584,45668,53456,54556
95,"Guaviare",95015,"Calamar",3230,6734,8908,10774
95,"Guaviare",95025,"El Retorno",3118,7938,11092,14846
95,"Guaviare",95200,"Miraflores",4678,7002,7730,8344
97,"Vaupés",97001,"Mitú",9346,11988,20060,31240
97,"Vaupés",97161,"Carurú",1704,1526,2120,3150
97,"Vaupés",97511,"Pacoa (CD)",888,1546,2702,4254
97,"Vaupés",97666,"Taraira",392,748,1572,2298
97,"Vaupés",97777,"Papunahua (CD)",312,368,516,816
97,"Vaupés",97889,"Yavaraté (CD)",562,548,680,1092
99,"Vichada",99001,"Puerto Carreño",19866,17554,19920,22048
99,"Vichada",99524,"La Primavera",8292,7516,9084,10796
99,"Vichada",99624,"Santa Rosalía",2320,2494,3412,4260
99,"Vichada",99773,"Cumaribo",16628,31446,52600,77380
